/home/hungnh/Thanh/TSE_submission/data/evaluation_raw/Patch193,Lang,39,2019_Evosuite,0,403, 1,0.276,1) test255(org.apache.commons.lang3.StringUtils_ESTest)	at org.apache.commons.lang3.StringUtils_ESTest.test255(StringUtils_ESTest.java:1695),,,java.lang.NullPointerException	at sun.reflect.NativeMethodAccessorImpl.invoke0(Native Method)
/home/hungnh/Thanh/TSE_submission/data/evaluation_raw/Patch193,Lang,39,2019_Evosuite,1,398, 2,0.264,1) test249(org.apache.commons.lang3.StringUtils_ESTest)	at org.apache.commons.lang3.StringUtils_ESTest.test249(StringUtils_ESTest.java:1641)2) test250(org.apache.commons.lang3.StringUtils_ESTest)	at org.apache.commons.lang3.StringUtils_ESTest.test250(StringUtils_ESTest.java:1651),,,java.lang.NullPointerException	at sun.reflect.NativeMethodAccessorImpl.invoke0(Native Method)java.lang.NullPointerException	at sun.reflect.NativeMethodAccessorImpl.invoke0(Native Method)
/home/hungnh/Thanh/TSE_submission/data/evaluation_raw/Patch193,Lang,39,2019_Evosuite,2,401, 3,0.299,1) test250(org.apache.commons.lang3.StringUtils_ESTest)	at org.apache.commons.lang3.StringUtils_ESTest.test250(StringUtils_ESTest.java:1654)2) test251(org.apache.commons.lang3.StringUtils_ESTest)	at org.apache.commons.lang3.StringUtils_ESTest.test251(StringUtils_ESTest.java:1663)3) test252(org.apache.commons.lang3.StringUtils_ESTest)	at org.apache.commons.lang3.StringUtils_ESTest.test252(StringUtils_ESTest.java:1674),org.junit.ComparisonFailure: expected:<[8AI5]> but was:<[cbc]>^org.junit.ComparisonFailure: expected:<[8AI5]> but was:<[cbc]>^,java.lang.AssertionError: Expecting exception: IllegalStateException^,org.junit.ComparisonFailure: expected:<[8AI5]> but was:<[cbc]>	at sun.reflect.NativeMethodAccessorImpl.invoke0(Native Method)org.junit.ComparisonFailure: expected:<[8AI5]> but was:<[cbc]>	at sun.reflect.NativeMethodAccessorImpl.invoke0(Native Method)java.lang.AssertionError: Expecting exception: IllegalStateException	at sun.reflect.NativeMethodAccessorImpl.invoke0(Native Method)
/home/hungnh/Thanh/TSE_submission/data/evaluation_raw/Patch193,Lang,39,2019_Evosuite,3,401, 3,0.26,1) test250(org.apache.commons.lang3.StringUtils_ESTest)	at org.apache.commons.lang3.StringUtils_ESTest.test250(StringUtils_ESTest.java:1654)2) test251(org.apache.commons.lang3.StringUtils_ESTest)	at org.apache.commons.lang3.StringUtils_ESTest.test251(StringUtils_ESTest.java:1663)3) test252(org.apache.commons.lang3.StringUtils_ESTest)	at org.apache.commons.lang3.StringUtils_ESTest.test252(StringUtils_ESTest.java:1674),org.junit.ComparisonFailure: expected:<[8AI5]> but was:<[cbc]>^org.junit.ComparisonFailure: expected:<[8AI5]> but was:<[cbc]>^,java.lang.AssertionError: Expecting exception: IllegalStateException^,org.junit.ComparisonFailure: expected:<[8AI5]> but was:<[cbc]>	at sun.reflect.NativeMethodAccessorImpl.invoke0(Native Method)org.junit.ComparisonFailure: expected:<[8AI5]> but was:<[cbc]>	at sun.reflect.NativeMethodAccessorImpl.invoke0(Native Method)java.lang.AssertionError: Expecting exception: IllegalStateException	at sun.reflect.NativeMethodAccessorImpl.invoke0(Native Method)
/home/hungnh/Thanh/TSE_submission/data/evaluation_raw/Patch193,Lang,39,2019_Evosuite,4,401, 3,0.267,1) test250(org.apache.commons.lang3.StringUtils_ESTest)	at org.apache.commons.lang3.StringUtils_ESTest.test250(StringUtils_ESTest.java:1654)2) test251(org.apache.commons.lang3.StringUtils_ESTest)	at org.apache.commons.lang3.StringUtils_ESTest.test251(StringUtils_ESTest.java:1663)3) test252(org.apache.commons.lang3.StringUtils_ESTest)	at org.apache.commons.lang3.StringUtils_ESTest.test252(StringUtils_ESTest.java:1674),org.junit.ComparisonFailure: expected:<[8AI5]> but was:<[cbc]>^org.junit.ComparisonFailure: expected:<[8AI5]> but was:<[cbc]>^,java.lang.AssertionError: Expecting exception: IllegalStateException^,org.junit.ComparisonFailure: expected:<[8AI5]> but was:<[cbc]>	at sun.reflect.NativeMethodAccessorImpl.invoke0(Native Method)org.junit.ComparisonFailure: expected:<[8AI5]> but was:<[cbc]>	at sun.reflect.NativeMethodAccessorImpl.invoke0(Native Method)java.lang.AssertionError: Expecting exception: IllegalStateException	at sun.reflect.NativeMethodAccessorImpl.invoke0(Native Method)
/home/hungnh/Thanh/TSE_submission/data/evaluation_raw/Patch193,Lang,39,2019_Evosuite,5,397, 2,0.278,1) test248(org.apache.commons.lang3.StringUtils_ESTest)	at org.apache.commons.lang3.StringUtils_ESTest.test248(StringUtils_ESTest.java:1642)2) test249(org.apache.commons.lang3.StringUtils_ESTest)	at org.apache.commons.lang3.StringUtils_ESTest.test249(StringUtils_ESTest.java:1653),org.junit.ComparisonFailure: expected:<[java.vm.version]> but was:<[cbc]>^,java.lang.AssertionError: Expecting exception: IllegalStateException^,org.junit.ComparisonFailure: expected:<[java.vm.version]> but was:<[cbc]>	at sun.reflect.NativeMethodAccessorImpl.invoke0(Native Method)java.lang.AssertionError: Expecting exception: IllegalStateException	at sun.reflect.NativeMethodAccessorImpl.invoke0(Native Method)
/home/hungnh/Thanh/TSE_submission/data/evaluation_raw/Patch193,Lang,39,2019_Evosuite,6,397, 2,0.277,1) test248(org.apache.commons.lang3.StringUtils_ESTest)	at org.apache.commons.lang3.StringUtils_ESTest.test248(StringUtils_ESTest.java:1642)2) test249(org.apache.commons.lang3.StringUtils_ESTest)	at org.apache.commons.lang3.StringUtils_ESTest.test249(StringUtils_ESTest.java:1653),org.junit.ComparisonFailure: expected:<[java.vm.version]> but was:<[cbc]>^,java.lang.AssertionError: Expecting exception: IllegalStateException^,org.junit.ComparisonFailure: expected:<[java.vm.version]> but was:<[cbc]>	at sun.reflect.NativeMethodAccessorImpl.invoke0(Native Method)java.lang.AssertionError: Expecting exception: IllegalStateException	at sun.reflect.NativeMethodAccessorImpl.invoke0(Native Method)
/home/hungnh/Thanh/TSE_submission/data/evaluation_raw/Patch193,Lang,39,2019_Evosuite,7,403, 2,0.271,1) test248(org.apache.commons.lang3.StringUtils_ESTest)	at org.apache.commons.lang3.StringUtils_ESTest.test248(StringUtils_ESTest.java:1619)2) test252(org.apache.commons.lang3.StringUtils_ESTest)	at org.apache.commons.lang3.StringUtils_ESTest.test252(StringUtils_ESTest.java:1680),,java.lang.AssertionError: Expecting exception: IllegalStateException^java.lang.AssertionError: Expecting exception: IllegalStateException^,java.lang.AssertionError: Expecting exception: IllegalStateException	at sun.reflect.NativeMethodAccessorImpl.invoke0(Native Method)java.lang.AssertionError: Expecting exception: IllegalStateException	at sun.reflect.NativeMethodAccessorImpl.invoke0(Native Method)
/home/hungnh/Thanh/TSE_submission/data/evaluation_raw/Patch193,Lang,39,2019_Evosuite,8,396, 4,0.276,1) test249(org.apache.commons.lang3.StringUtils_ESTest)	at org.apache.commons.lang3.StringUtils_ESTest.test249(StringUtils_ESTest.java:1659)2) test252(org.apache.commons.lang3.StringUtils_ESTest)	at org.apache.commons.lang3.StringUtils_ESTest.test252(StringUtils_ESTest.java:1701)3) test253(org.apache.commons.lang3.StringUtils_ESTest)	at org.apache.commons.lang3.StringUtils_ESTest.test253(StringUtils_ESTest.java:1709)4) test254(org.apache.commons.lang3.StringUtils_ESTest)	at org.apache.commons.lang3.StringUtils_ESTest.test254(StringUtils_ESTest.java:1718),org.junit.ComparisonFailure: expected:<[NoSuchFieldException occurred during 1.6 backcompat code]> but was:<[cbc]>^,,java.lang.NullPointerException	at sun.reflect.NativeMethodAccessorImpl.invoke0(Native Method)org.junit.ComparisonFailure: expected:<[NoSuchFieldException occurred during 1.6 backcompat code]> but was:<[cbc]>	at sun.reflect.NativeMethodAccessorImpl.invoke0(Native Method)java.lang.NullPointerException	at sun.reflect.NativeMethodAccessorImpl.invoke0(Native Method)java.lang.NullPointerException	at sun.reflect.NativeMethodAccessorImpl.invoke0(Native Method)
/home/hungnh/Thanh/TSE_submission/data/evaluation_raw/Patch193,Lang,39,2019_Evosuite,9,407, 5,0.286,1) test253(org.apache.commons.lang3.StringUtils_ESTest)	at org.apache.commons.lang3.StringUtils_ESTest.test253(StringUtils_ESTest.java:1679)2) test254(org.apache.commons.lang3.StringUtils_ESTest)	at org.apache.commons.lang3.StringUtils_ESTest.test254(StringUtils_ESTest.java:1691)3) test255(org.apache.commons.lang3.StringUtils_ESTest)	at org.apache.commons.lang3.StringUtils_ESTest.test255(StringUtils_ESTest.java:1712)4) test256(org.apache.commons.lang3.StringUtils_ESTest)	at org.apache.commons.lang3.StringUtils_ESTest.test256(StringUtils_ESTest.java:1731)5) test257(org.apache.commons.lang3.StringUtils_ESTest)	at org.apache.commons.lang3.StringUtils_ESTest.test257(StringUtils_ESTest.java:1748),org.junit.ComparisonFailure: expected:<[ vs ]> but was:<[cbc]>^org.junit.ComparisonFailure: expected:<[ vs ]> but was:<[cbc]>^,,org.junit.ComparisonFailure: expected:<[ vs ]> but was:<[cbc]>	at sun.reflect.NativeMethodAccessorImpl.invoke0(Native Method)java.lang.NullPointerException	at sun.reflect.NativeMethodAccessorImpl.invoke0(Native Method)java.lang.NullPointerException	at sun.reflect.NativeMethodAccessorImpl.invoke0(Native Method)java.lang.NullPointerException	at sun.reflect.NativeMethodAccessorImpl.invoke0(Native Method)org.junit.ComparisonFailure: expected:<[ vs ]> but was:<[cbc]>	at sun.reflect.NativeMethodAccessorImpl.invoke0(Native Method)
/home/hungnh/Thanh/TSE_submission/data/evaluation_raw/Patch193,Lang,39,2019_Evosuite,10,403, 2,0.256,1) test252(org.apache.commons.lang3.StringUtils_ESTest)	at org.apache.commons.lang3.StringUtils_ESTest.test252(StringUtils_ESTest.java:1663)2) test253(org.apache.commons.lang3.StringUtils_ESTest)	at org.apache.commons.lang3.StringUtils_ESTest.test253(StringUtils_ESTest.java:1674),org.junit.ComparisonFailure: expected:<[java.version]> but was:<[cbc]>^,java.lang.AssertionError: Expecting exception: IllegalStateException^,org.junit.ComparisonFailure: expected:<[java.version]> but was:<[cbc]>	at sun.reflect.NativeMethodAccessorImpl.invoke0(Native Method)java.lang.AssertionError: Expecting exception: IllegalStateException	at sun.reflect.NativeMethodAccessorImpl.invoke0(Native Method)
/home/hungnh/Thanh/TSE_submission/data/evaluation_raw/Patch193,Lang,39,2019_Evosuite,11,406, 3,0.302,1) test255(org.apache.commons.lang3.StringUtils_ESTest)	at org.apache.commons.lang3.StringUtils_ESTest.test255(StringUtils_ESTest.java:1708)2) test256(org.apache.commons.lang3.StringUtils_ESTest)	at org.apache.commons.lang3.StringUtils_ESTest.test256(StringUtils_ESTest.java:1718)3) test257(org.apache.commons.lang3.StringUtils_ESTest)	at org.apache.commons.lang3.StringUtils_ESTest.test257(StringUtils_ESTest.java:1735),org.junit.ComparisonFailure: expected:<[vN-_V[W!lm$;'NErW>~]> but was:<[cbc]>^,,org.junit.ComparisonFailure: expected:<[vN-_V[W!lm$;'NErW>~]> but was:<[cbc]>	at sun.reflect.NativeMethodAccessorImpl.invoke0(Native Method)java.lang.NullPointerException	at sun.reflect.NativeMethodAccessorImpl.invoke0(Native Method)java.lang.NullPointerException	at sun.reflect.NativeMethodAccessorImpl.invoke0(Native Method)
/home/hungnh/Thanh/TSE_submission/data/evaluation_raw/Patch193,Lang,39,2019_Evosuite,12,413, 2,0.295,1) test259(org.apache.commons.lang3.StringUtils_ESTest)	at org.apache.commons.lang3.StringUtils_ESTest.test259(StringUtils_ESTest.java:1700)2) test260(org.apache.commons.lang3.StringUtils_ESTest)	at org.apache.commons.lang3.StringUtils_ESTest.test260(StringUtils_ESTest.java:1711),,,java.lang.NullPointerException	at sun.reflect.NativeMethodAccessorImpl.invoke0(Native Method)java.lang.NullPointerException	at sun.reflect.NativeMethodAccessorImpl.invoke0(Native Method)
/home/hungnh/Thanh/TSE_submission/data/evaluation_raw/Patch193,Lang,39,2019_Evosuite,13,413, 2,0.305,1) test259(org.apache.commons.lang3.StringUtils_ESTest)	at org.apache.commons.lang3.StringUtils_ESTest.test259(StringUtils_ESTest.java:1700)2) test260(org.apache.commons.lang3.StringUtils_ESTest)	at org.apache.commons.lang3.StringUtils_ESTest.test260(StringUtils_ESTest.java:1711),,,java.lang.NullPointerException	at sun.reflect.NativeMethodAccessorImpl.invoke0(Native Method)java.lang.NullPointerException	at sun.reflect.NativeMethodAccessorImpl.invoke0(Native Method)
/home/hungnh/Thanh/TSE_submission/data/evaluation_raw/Patch193,Lang,39,2019_Evosuite,14,413, 2,0.301,1) test259(org.apache.commons.lang3.StringUtils_ESTest)	at org.apache.commons.lang3.StringUtils_ESTest.test259(StringUtils_ESTest.java:1700)2) test260(org.apache.commons.lang3.StringUtils_ESTest)	at org.apache.commons.lang3.StringUtils_ESTest.test260(StringUtils_ESTest.java:1711),,,java.lang.NullPointerException	at sun.reflect.NativeMethodAccessorImpl.invoke0(Native Method)java.lang.NullPointerException	at sun.reflect.NativeMethodAccessorImpl.invoke0(Native Method)
/home/hungnh/Thanh/TSE_submission/data/evaluation_raw/Patch193,Lang,39,2019_Evosuite,15,404, 3,0.293,1) test248(org.apache.commons.lang3.StringUtils_ESTest)	at org.apache.commons.lang3.StringUtils_ESTest.test248(StringUtils_ESTest.java:1625)2) test252(org.apache.commons.lang3.StringUtils_ESTest)	at org.apache.commons.lang3.StringUtils_ESTest.test252(StringUtils_ESTest.java:1675)3) test253(org.apache.commons.lang3.StringUtils_ESTest)	at org.apache.commons.lang3.StringUtils_ESTest.test253(StringUtils_ESTest.java:1684),org.junit.ComparisonFailure: expected:<[SecurityException occurred during 1.6 backcompat code]> but was:<[cbc]>^org.junit.ComparisonFailure: expected:<[SecurityException occurred during 1.6 backcompat code]> but was:<[cbc]>^,java.lang.AssertionError: Expecting exception: IllegalStateException^,java.lang.AssertionError: Expecting exception: IllegalStateException	at sun.reflect.NativeMethodAccessorImpl.invoke0(Native Method)org.junit.ComparisonFailure: expected:<[SecurityException occurred during 1.6 backcompat code]> but was:<[cbc]>	at sun.reflect.NativeMethodAccessorImpl.invoke0(Native Method)org.junit.ComparisonFailure: expected:<[SecurityException occurred during 1.6 backcompat code]> but was:<[cbc]>	at sun.reflect.NativeMethodAccessorImpl.invoke0(Native Method)
/home/hungnh/Thanh/TSE_submission/data/evaluation_raw/Patch193,Lang,39,2019_Evosuite,17,404, 3,0.257,1) test248(org.apache.commons.lang3.StringUtils_ESTest)	at org.apache.commons.lang3.StringUtils_ESTest.test248(StringUtils_ESTest.java:1625)2) test252(org.apache.commons.lang3.StringUtils_ESTest)	at org.apache.commons.lang3.StringUtils_ESTest.test252(StringUtils_ESTest.java:1675)3) test253(org.apache.commons.lang3.StringUtils_ESTest)	at org.apache.commons.lang3.StringUtils_ESTest.test253(StringUtils_ESTest.java:1684),org.junit.ComparisonFailure: expected:<[SecurityException occurred during 1.6 backcompat code]> but was:<[cbc]>^org.junit.ComparisonFailure: expected:<[SecurityException occurred during 1.6 backcompat code]> but was:<[cbc]>^,java.lang.AssertionError: Expecting exception: IllegalStateException^,java.lang.AssertionError: Expecting exception: IllegalStateException	at sun.reflect.NativeMethodAccessorImpl.invoke0(Native Method)org.junit.ComparisonFailure: expected:<[SecurityException occurred during 1.6 backcompat code]> but was:<[cbc]>	at sun.reflect.NativeMethodAccessorImpl.invoke0(Native Method)org.junit.ComparisonFailure: expected:<[SecurityException occurred during 1.6 backcompat code]> but was:<[cbc]>	at sun.reflect.NativeMethodAccessorImpl.invoke0(Native Method)
/home/hungnh/Thanh/TSE_submission/data/evaluation_raw/Patch193,Lang,39,2019_Evosuite,18,409, 2,0.259,1) test255(org.apache.commons.lang3.StringUtils_ESTest)	at org.apache.commons.lang3.StringUtils_ESTest.test255(StringUtils_ESTest.java:1702)2) test256(org.apache.commons.lang3.StringUtils_ESTest)	at org.apache.commons.lang3.StringUtils_ESTest.test256(StringUtils_ESTest.java:1718),org.junit.ComparisonFailure: expected:<[VqhBzyrl$O{]> but was:<[cbc]>^,,java.lang.NullPointerException	at sun.reflect.NativeMethodAccessorImpl.invoke0(Native Method)org.junit.ComparisonFailure: expected:<[VqhBzyrl$O{]> but was:<[cbc]>	at sun.reflect.NativeMethodAccessorImpl.invoke0(Native Method)
/home/hungnh/Thanh/TSE_submission/data/evaluation_raw/Patch193,Lang,39,2019_Evosuite,19,409, 4,0.295,1) test253(org.apache.commons.lang3.StringUtils_ESTest)	at org.apache.commons.lang3.StringUtils_ESTest.test253(StringUtils_ESTest.java:1659)2) test256(org.apache.commons.lang3.StringUtils_ESTest)	at org.apache.commons.lang3.StringUtils_ESTest.test256(StringUtils_ESTest.java:1692)3) test257(org.apache.commons.lang3.StringUtils_ESTest)	at org.apache.commons.lang3.StringUtils_ESTest.test257(StringUtils_ESTest.java:1701)4) test258(org.apache.commons.lang3.StringUtils_ESTest)	at org.apache.commons.lang3.StringUtils_ESTest.test258(StringUtils_ESTest.java:1709),org.junit.ComparisonFailure: expected:<[=/UMio:]> but was:<[cbc]>^org.junit.ComparisonFailure: expected:<[#[Q9*]W%%L#'F(qQ]> but was:<[cbc]>^,,java.lang.NullPointerException	at sun.reflect.NativeMethodAccessorImpl.invoke0(Native Method)org.junit.ComparisonFailure: expected:<[=/UMio:]> but was:<[cbc]>	at sun.reflect.NativeMethodAccessorImpl.invoke0(Native Method)org.junit.ComparisonFailure: expected:<[#[Q9*]W%%L#'F(qQ]> but was:<[cbc]>	at sun.reflect.NativeMethodAccessorImpl.invoke0(Native Method)java.lang.NullPointerException	at sun.reflect.NativeMethodAccessorImpl.invoke0(Native Method)
/home/hungnh/Thanh/TSE_submission/data/evaluation_raw/Patch193,Lang,39,2019_Evosuite,20,405, 3,0.277,1) test255(org.apache.commons.lang3.StringUtils_ESTest)	at org.apache.commons.lang3.StringUtils_ESTest.test255(StringUtils_ESTest.java:1693)2) test256(org.apache.commons.lang3.StringUtils_ESTest)	at org.apache.commons.lang3.StringUtils_ESTest.test256(StringUtils_ESTest.java:1702)3) test257(org.apache.commons.lang3.StringUtils_ESTest)	at org.apache.commons.lang3.StringUtils_ESTest.test257(StringUtils_ESTest.java:1713),org.junit.ComparisonFailure: expected:<[vii&#9]> but was:<[cbc]>^org.junit.ComparisonFailure: expected:<[vii&#9]> but was:<[cbc]>^,java.lang.AssertionError: Expecting exception: IllegalStateException^,org.junit.ComparisonFailure: expected:<[vii&#9]> but was:<[cbc]>	at sun.reflect.NativeMethodAccessorImpl.invoke0(Native Method)org.junit.ComparisonFailure: expected:<[vii&#9]> but was:<[cbc]>	at sun.reflect.NativeMethodAccessorImpl.invoke0(Native Method)java.lang.AssertionError: Expecting exception: IllegalStateException	at sun.reflect.NativeMethodAccessorImpl.invoke0(Native Method)
/home/hungnh/Thanh/TSE_submission/data/evaluation_raw/Patch193,Lang,39,2019_Evosuite,21,406, 2,0.284,1) test256(org.apache.commons.lang3.StringUtils_ESTest)	at org.apache.commons.lang3.StringUtils_ESTest.test256(StringUtils_ESTest.java:1691)2) test257(org.apache.commons.lang3.StringUtils_ESTest)	at org.apache.commons.lang3.StringUtils_ESTest.test257(StringUtils_ESTest.java:1700),,,java.lang.NullPointerException	at sun.reflect.NativeMethodAccessorImpl.invoke0(Native Method)java.lang.NullPointerException	at sun.reflect.NativeMethodAccessorImpl.invoke0(Native Method)
/home/hungnh/Thanh/TSE_submission/data/evaluation_raw/Patch193,Lang,39,2019_Evosuite,22,406, 2,0.297,1) test256(org.apache.commons.lang3.StringUtils_ESTest)	at org.apache.commons.lang3.StringUtils_ESTest.test256(StringUtils_ESTest.java:1691)2) test257(org.apache.commons.lang3.StringUtils_ESTest)	at org.apache.commons.lang3.StringUtils_ESTest.test257(StringUtils_ESTest.java:1700),,,java.lang.NullPointerException	at sun.reflect.NativeMethodAccessorImpl.invoke0(Native Method)java.lang.NullPointerException	at sun.reflect.NativeMethodAccessorImpl.invoke0(Native Method)
/home/hungnh/Thanh/TSE_submission/data/evaluation_raw/Patch193,Lang,39,2019_Evosuite,23,408, 3,0.292,1) test253(org.apache.commons.lang3.StringUtils_ESTest)	at org.apache.commons.lang3.StringUtils_ESTest.test253(StringUtils_ESTest.java:1696)2) test254(org.apache.commons.lang3.StringUtils_ESTest)	at org.apache.commons.lang3.StringUtils_ESTest.test254(StringUtils_ESTest.java:1707)3) test255(org.apache.commons.lang3.StringUtils_ESTest)	at org.apache.commons.lang3.StringUtils_ESTest.test255(StringUtils_ESTest.java:1725),,,java.lang.NullPointerException	at sun.reflect.NativeMethodAccessorImpl.invoke0(Native Method)java.lang.NullPointerException	at sun.reflect.NativeMethodAccessorImpl.invoke0(Native Method)java.lang.NullPointerException	at sun.reflect.NativeMethodAccessorImpl.invoke0(Native Method)
/home/hungnh/Thanh/TSE_submission/data/evaluation_raw/Patch193,Lang,39,2019_Evosuite,24,403, 4,0.265,1) test255(org.apache.commons.lang3.StringUtils_ESTest)	at org.apache.commons.lang3.StringUtils_ESTest.test255(StringUtils_ESTest.java:1683)2) test258(org.apache.commons.lang3.StringUtils_ESTest)	at org.apache.commons.lang3.StringUtils_ESTest.test258(StringUtils_ESTest.java:1724)3) test259(org.apache.commons.lang3.StringUtils_ESTest)	at org.apache.commons.lang3.StringUtils_ESTest.test259(StringUtils_ESTest.java:1733)4) test260(org.apache.commons.lang3.StringUtils_ESTest)	at org.apache.commons.lang3.StringUtils_ESTest.test260(StringUtils_ESTest.java:1742),org.junit.ComparisonFailure: expected:<c[har]> but was:<c[bc]>^org.junit.ComparisonFailure: expected:<['nI"j%]> but was:<[cbc]>^org.junit.ComparisonFailure: expected:<['nI"j%]> but was:<[cbc]>^,java.lang.AssertionError: Expecting exception: IllegalStateException^,java.lang.AssertionError: Expecting exception: IllegalStateException	at sun.reflect.NativeMethodAccessorImpl.invoke0(Native Method)org.junit.ComparisonFailure: expected:<c[har]> but was:<c[bc]>	at sun.reflect.NativeMethodAccessorImpl.invoke0(Native Method)org.junit.ComparisonFailure: expected:<['nI"j%]> but was:<[cbc]>	at sun.reflect.NativeMethodAccessorImpl.invoke0(Native Method)org.junit.ComparisonFailure: expected:<['nI"j%]> but was:<[cbc]>	at sun.reflect.NativeMethodAccessorImpl.invoke0(Native Method)
/home/hungnh/Thanh/TSE_submission/data/evaluation_raw/Patch193,Lang,39,2019_Evosuite,25,396, 3,0.398,1) test251(org.apache.commons.lang3.StringUtils_ESTest)	at org.apache.commons.lang3.StringUtils_ESTest.test251(StringUtils_ESTest.java:1677)2) test252(org.apache.commons.lang3.StringUtils_ESTest)	at org.apache.commons.lang3.StringUtils_ESTest.test252(StringUtils_ESTest.java:1693)3) test253(org.apache.commons.lang3.StringUtils_ESTest)	at org.apache.commons.lang3.StringUtils_ESTest.test253(StringUtils_ESTest.java:1704),org.junit.ComparisonFailure: expected:<[java.library.path]> but was:<[cbc]>^,java.lang.AssertionError: Expecting exception: IllegalStateException^java.lang.AssertionError: Expecting exception: IllegalStateException^,java.lang.AssertionError: Expecting exception: IllegalStateException	at sun.reflect.NativeMethodAccessorImpl.invoke0(Native Method)org.junit.ComparisonFailure: expected:<[java.library.path]> but was:<[cbc]>	at sun.reflect.NativeMethodAccessorImpl.invoke0(Native Method)java.lang.AssertionError: Expecting exception: IllegalStateException	at sun.reflect.NativeMethodAccessorImpl.invoke0(Native Method)
/home/hungnh/Thanh/TSE_submission/data/evaluation_raw/Patch193,Lang,39,2019_Evosuite,26,396, 3,0.419,1) test251(org.apache.commons.lang3.StringUtils_ESTest)	at org.apache.commons.lang3.StringUtils_ESTest.test251(StringUtils_ESTest.java:1677)2) test252(org.apache.commons.lang3.StringUtils_ESTest)	at org.apache.commons.lang3.StringUtils_ESTest.test252(StringUtils_ESTest.java:1693)3) test253(org.apache.commons.lang3.StringUtils_ESTest)	at org.apache.commons.lang3.StringUtils_ESTest.test253(StringUtils_ESTest.java:1704),org.junit.ComparisonFailure: expected:<[java.library.path]> but was:<[cbc]>^,java.lang.AssertionError: Expecting exception: IllegalStateException^java.lang.AssertionError: Expecting exception: IllegalStateException^,java.lang.AssertionError: Expecting exception: IllegalStateException	at sun.reflect.NativeMethodAccessorImpl.invoke0(Native Method)org.junit.ComparisonFailure: expected:<[java.library.path]> but was:<[cbc]>	at sun.reflect.NativeMethodAccessorImpl.invoke0(Native Method)java.lang.AssertionError: Expecting exception: IllegalStateException	at sun.reflect.NativeMethodAccessorImpl.invoke0(Native Method)
/home/hungnh/Thanh/TSE_submission/data/evaluation_raw/Patch193,Lang,39,2019_Evosuite,27,396, 3,0.329,1) test251(org.apache.commons.lang3.StringUtils_ESTest)	at org.apache.commons.lang3.StringUtils_ESTest.test251(StringUtils_ESTest.java:1677)2) test252(org.apache.commons.lang3.StringUtils_ESTest)	at org.apache.commons.lang3.StringUtils_ESTest.test252(StringUtils_ESTest.java:1693)3) test253(org.apache.commons.lang3.StringUtils_ESTest)	at org.apache.commons.lang3.StringUtils_ESTest.test253(StringUtils_ESTest.java:1704),org.junit.ComparisonFailure: expected:<[java.library.path]> but was:<[cbc]>^,java.lang.AssertionError: Expecting exception: IllegalStateException^java.lang.AssertionError: Expecting exception: IllegalStateException^,java.lang.AssertionError: Expecting exception: IllegalStateException	at sun.reflect.NativeMethodAccessorImpl.invoke0(Native Method)org.junit.ComparisonFailure: expected:<[java.library.path]> but was:<[cbc]>	at sun.reflect.NativeMethodAccessorImpl.invoke0(Native Method)java.lang.AssertionError: Expecting exception: IllegalStateException	at sun.reflect.NativeMethodAccessorImpl.invoke0(Native Method)
/home/hungnh/Thanh/TSE_submission/data/evaluation_raw/Patch193,Lang,39,2019_Evosuite,28,404, 4,0.287,1) test254(org.apache.commons.lang3.StringUtils_ESTest)	at org.apache.commons.lang3.StringUtils_ESTest.test254(StringUtils_ESTest.java:1669)2) test257(org.apache.commons.lang3.StringUtils_ESTest)	at org.apache.commons.lang3.StringUtils_ESTest.test257(StringUtils_ESTest.java:1711)3) test258(org.apache.commons.lang3.StringUtils_ESTest)	at org.apache.commons.lang3.StringUtils_ESTest.test258(StringUtils_ESTest.java:1720)4) test259(org.apache.commons.lang3.StringUtils_ESTest)	at org.apache.commons.lang3.StringUtils_ESTest.test259(StringUtils_ESTest.java:1729),org.junit.ComparisonFailure: expected:<[m#oI]> but was:<[cbc]>^org.junit.ComparisonFailure: expected:<[m#oI]> but was:<[cbc]>^org.junit.ComparisonFailure: expected:<[Gv[dv]Ge)dj>Gv[dv]Ge)dj>[]Gv[dv]Ge)dj>TimeToLive of Gv[dv]Ge)dj>Gv[dv]Ge)dj>Gv[dv]Ge)dj>[]Gv[dv]Ge)dj>jaGv[dv]Ge)dj>frGv[dv]Ge)dj>Gv[dv]Ge)dj>]> but was:<[cbc]>^,,java.lang.NullPointerException	at sun.reflect.NativeMethodAccessorImpl.invoke0(Native Method)org.junit.ComparisonFailure: expected:<[m#oI]> but was:<[cbc]>	at sun.reflect.NativeMethodAccessorImpl.invoke0(Native Method)org.junit.ComparisonFailure: expected:<[m#oI]> but was:<[cbc]>	at sun.reflect.NativeMethodAccessorImpl.invoke0(Native Method)org.junit.ComparisonFailure: expected:<[Gv[dv]Ge)dj>Gv[dv]Ge)dj>[]Gv[dv]Ge)dj>TimeToLive of Gv[dv]Ge)dj>Gv[dv]Ge)dj>Gv[dv]Ge)dj>[]Gv[dv]Ge)dj>jaGv[dv]Ge)dj>frGv[dv]Ge)dj>Gv[dv]Ge)dj>]> but was:<[cbc]>	at sun.reflect.NativeMethodAccessorImpl.invoke0(Native Method)
/home/hungnh/Thanh/TSE_submission/data/evaluation_raw/Patch193,Lang,39,2019_Evosuite,29,405, 1,0.289,1) test259(org.apache.commons.lang3.StringUtils_ESTest)	at org.apache.commons.lang3.StringUtils_ESTest.test259(StringUtils_ESTest.java:1748),,,java.lang.NullPointerException	at sun.reflect.NativeMethodAccessorImpl.invoke0(Native Method)
